{
  "Episodes": [
    {
      "Season": 1,
      "Episode": 1,
      "Title": "Episode 1 Title",
      "IMDB": 7.8,
      "AirDate": "2011-002-15"
    },
    {
      "Season": 1,
      "Episode": 2,
      "Title": "Episode 2 Title",
      "IMDB": 8.1,
      "AirDate": "2012-003-15"
    },
    {
      "Season": 1,
      "Episode": 3,
      "Title": "Episode 3 Title",
      "IMDB": 8.4,
      "AirDate": "2013-004-15"
    },
    {
      "Season": 1,
      "Episode": 4,
      "Title": "Episode 4 Title",
      "IMDB": 7.5,
      "AirDate": "2014-005-15"
    },
    {
      "Season": 1,
      "Episode": 5,
      "Title": "Episode 5 Title",
      "IMDB": 7.8,
      "AirDate": "2015-006-15"
    },
    {
      "Season": 1,
      "Episode": 6,
      "Title": "Episode 6 Title",
      "IMDB": 8.1,
      "AirDate": "2016-007-15"
    },
    {
      "Season": 1,
      "Episode": 7,
      "Title": "Episode 7 Title",
      "IMDB": 8.4,
      "AirDate": "2017-008-15"
    },
    {
      "Season": 1,
      "Episode": 8,
      "Title": "Episode 8 Title",
      "IMDB": 7.5,
      "AirDate": "2018-009-15"
    },
    {
      "Season": 2,
      "Episode": 9,
      "Title": "Episode 9 Title",
      "IMDB": 7.8,
      "AirDate": "2019-010-15"
    },
    {
      "Season": 2,
      "Episode": 10,
      "Title": "Episode 10 Title",
      "IMDB": 8.1,
      "AirDate": "2010-011-15"
    },
    {
      "Season": 2,
      "Episode": 11,
      "Title": "Episode 11 Title",
      "IMDB": 8.4,
      "AirDate": "2011-012-15"
    },
    {
      "Season": 2,
      "Episode": 12,
      "Title": "Episode 12 Title",
      "IMDB": 7.5,
      "AirDate": "2012-001-15"
    },
    {
      "Season": 2,
      "Episode": 13,
      "Title": "Episode 13 Title",
      "IMDB": 7.8,
      "AirDate": "2013-002-15"
    },
    {
      "Season": 2,
      "Episode": 14,
      "Title": "Episode 14 Title",
      "IMDB": 8.1,
      "AirDate": "2014-003-15"
    },
    {
      "Season": 2,
      "Episode": 15,
      "Title": "Episode 15 Title",
      "IMDB": 8.4,
      "AirDate": "2015-004-15"
    },
    {
      "Season": 2,
      "Episode": 16,
      "Title": "Episode 16 Title",
      "IMDB": 7.5,
      "AirDate": "2016-005-15"
    },
    {
      "Season": 3,
      "Episode": 17,
      "Title": "Episode 17 Title",
      "IMDB": 7.8,
      "AirDate": "2017-006-15"
    },
    {
      "Season": 3,
      "Episode": 18,
      "Title": "Episode 18 Title",
      "IMDB": 8.1,
      "AirDate": "2018-007-15"
    },
    {
      "Season": 3,
      "Episode": 19,
      "Title": "Episode 19 Title",
      "IMDB": 8.4,
      "AirDate": "2019-008-15"
    },
    {
      "Season": 3,
      "Episode": 20,
      "Title": "Episode 20 Title",
      "IMDB": 7.5,
      "AirDate": "2010-009-15"
    }
  ]
}