<Characters><Character><Name>Character 1</Name><Race>Race 1</Race><Weapon>Weapon 1</Weapon><Allegiance>Group 1</Allegiance></Character><Character><Name>Character 2</Name><Race>Race 2</Race><Weapon>Weapon 2</Weapon><Allegiance>Group 2</Allegiance></Character><Character><Name>Character 3</Name><Race>Race 3</Race><Weapon>Weapon 3</Weapon><Allegiance>Group 0</Allegiance></Character><Character><Name>Character 4</Name><Race>Race 0</Race><Weapon>Weapon 4</Weapon><Allegiance>Group 1</Allegiance></Character><Character><Name>Character 5</Name><Race>Race 1</Race><Weapon>Weapon 5</Weapon><Allegiance>Group 2</Allegiance></Character><Character><Name>Character 6</Name><Race>Race 2</Race><Weapon>Weapon 6</Weapon><Allegiance>Group 0</Allegiance></Character><Character><Name>Character 7</Name><Race>Race 3</Race><Weapon>Weapon 7</Weapon><Allegiance>Group 1</Allegiance></Character><Character><Name>Character 8</Name><Race>Race 0</Race><Weapon>Weapon 8</Weapon><Allegiance>Group 2</Allegiance></Character><Character><Name>Character 9</Name><Race>Race 1</Race><Weapon>Weapon 9</Weapon><Allegiance>Group 0</Allegiance></Character><Character><Name>Character 10</Name><Race>Race 2</Race><Weapon>Weapon 10</Weapon><Allegiance>Group 1</Allegiance></Character><Character><Name>Character 11</Name><Race>Race 3</Race><Weapon>Weapon 11</Weapon><Allegiance>Group 2</Allegiance></Character><Character><Name>Character 12</Name><Race>Race 0</Race><Weapon>Weapon 12</Weapon><Allegiance>Group 0</Allegiance></Character><Character><Name>Character 13</Name><Race>Race 1</Race><Weapon>Weapon 13</Weapon><Allegiance>Group 1</Allegiance></Character><Character><Name>Character 14</Name><Race>Race 2</Race><Weapon>Weapon 14</Weapon><Allegiance>Group 2</Allegiance></Character><Character><Name>Character 15</Name><Race>Race 3</Race><Weapon>Weapon 15</Weapon><Allegiance>Group 0</Allegiance></Character><Character><Name>Character 16</Name><Race>Race 0</Race><Weapon>Weapon 16</Weapon><Allegiance>Group 1</Allegiance></Character><Character><Name>Character 17</Name><Race>Race 1</Race><Weapon>Weapon 17</Weapon><Allegiance>Group 2</Allegiance></Character><Character><Name>Character 18</Name><Race>Race 2</Race><Weapon>Weapon 18</Weapon><Allegiance>Group 0</Allegiance></Character><Character><Name>Character 19</Name><Race>Race 3</Race><Weapon>Weapon 19</Weapon><Allegiance>Group 1</Allegiance></Character><Character><Name>Character 20</Name><Race>Race 0</Race><Weapon>Weapon 20</Weapon><Allegiance>Group 2</Allegiance></Character></Characters>