Title,Phase,ReleaseYear,Director
Marvel Movie 1,1,2000,Director 1
Marvel Movie 2,2,2001,Director 2
Marvel Movie 3,3,2002,Director 3
Marvel Movie 4,4,2003,Director 4
Marvel Movie 5,1,2004,Director 5
Marvel Movie 6,2,2005,Director 6
Marvel Movie 7,3,2006,Director 7
Marvel Movie 8,4,2007,Director 8
Marvel Movie 9,1,2008,Director 9
Marvel Movie 10,2,2009,Director 10
Marvel Movie 11,3,2010,Director 11
Marvel Movie 12,4,2011,Director 12
Marvel Movie 13,1,2012,Director 13
Marvel Movie 14,2,2013,Director 14
Marvel Movie 15,3,2014,Director 15
Marvel Movie 16,4,2015,Director 16
Marvel Movie 17,1,2016,Director 17
Marvel Movie 18,2,2017,Director 18
Marvel Movie 19,3,2018,Director 19
Marvel Movie 20,4,2019,Director 20
