Pokemon,Type1,Type2,HP,Attack,Defence
Pokemon 1,Fire,Flying,50,60,40
Pokemon 2,Water,Ground,51,62,41
Pokemon 3,Grass,Fairy,52,64,42
Pokemon 4,Electric,Psychic,53,66,43
Pokemon 5,Rock,Flying,54,68,44
Pokemon 6,Fire,Ground,55,70,45
Pokemon 7,Water,Fairy,56,72,46
Pokemon 8,Grass,Psychic,57,74,47
Pokemon 9,Electric,Flying,58,76,48
Pokemon 10,Rock,Ground,59,78,49
Pokemon 11,Fire,Fairy,60,80,50
Pokemon 12,Water,Psychic,61,82,51
Pokemon 13,Grass,Flying,62,84,52
Pokemon 14,Electric,Ground,63,86,53
Pokemon 15,Rock,Fairy,64,88,54
Pokemon 16,Fire,Psychic,65,90,55
Pokemon 17,Water,Flying,66,92,56
Pokemon 18,Grass,Ground,67,94,57
Pokemon 19,Electric,Fairy,68,96,58
Pokemon 20,Rock,Psychic,69,98,59
