Title,Episode,BoxOffice_Millions,Year,Director
Star Wars Movie 1,1,100.0,1977,George Lucas
Star Wars Movie 2,2,125.5,1978,George Lucas
Star Wars Movie 3,3,151.0,1979,George Lucas
Star Wars Movie 4,4,176.5,1980,George Lucas
Star Wars Movie 5,5,202.0,1981,George Lucas
Star Wars Movie 6,6,227.5,1982,George Lucas
Star Wars Movie 7,7,253.0,1983,George Lucas
Star Wars Movie 8,8,278.5,1984,George Lucas
Star Wars Movie 9,9,304.0,1985,George Lucas
Star Wars Movie 10,10,329.5,1986,George Lucas
Star Wars Movie 11,11,355.0,1987,J.J. Abrams
Star Wars Movie 12,12,380.5,1988,J.J. Abrams
Star Wars Movie 13,13,406.0,1989,J.J. Abrams
Star Wars Movie 14,14,431.5,1990,J.J. Abrams
Star Wars Movie 15,15,457.0,1991,J.J. Abrams
Star Wars Movie 16,16,482.5,1992,J.J. Abrams
Star Wars Movie 17,17,508.0,1993,J.J. Abrams
Star Wars Movie 18,18,533.5,1994,J.J. Abrams
Star Wars Movie 19,19,559.0,1995,J.J. Abrams
Star Wars Movie 20,20,584.5,1996,J.J. Abrams
