<Creatures><Creature><Name>Hippogriff</Name><Type>Beast</Type><Dangerous>Yes</Dangerous><FirstAppearance>Prisoner of Azkaban</FirstAppearance></Creature><Creature><Name>Basilisk</Name><Type>Beast</Type><Dangerous>Yes</Dangerous><FirstAppearance>Chamber of Secrets</FirstAppearance></Creature><Creature><Name>Phoenix</Name><Type>Beast</Type><Dangerous>No</Dangerous><FirstAppearance>Chamber of Secrets</FirstAppearance></Creature><Creature><Name>Acromantula</Name><Type>Beast</Type><Dangerous>Yes</Dangerous><FirstAppearance>Chamber of Secrets</FirstAppearance></Creature><Creature><Name>Thestral</Name><Type>Beast</Type><Dangerous>No</Dangerous><FirstAppearance>Order of the Phoenix</FirstAppearance></Creature><Creature><Name>Dementor</Name><Type>Spirit</Type><Dangerous>Yes</Dangerous><FirstAppearance>Prisoner of Azkaban</FirstAppearance></Creature><Creature><Name>House‑elf</Name><Type>Being</Type><Dangerous>No</Dangerous><FirstAppearance>Chamber of Secrets</FirstAppearance></Creature><Creature><Name>Werewolf</Name><Type>Being</Type><Dangerous>Yes</Dangerous><FirstAppearance>Prisoner of Azkaban</FirstAppearance></Creature><Creature><Name>Boggart</Name><Type>Spirit</Type><Dangerous>No</Dangerous><FirstAppearance>Prisoner of Azkaban</FirstAppearance></Creature><Creature><Name>Niffler</Name><Type>Beast</Type><Dangerous>No</Dangerous><FirstAppearance>Goblet of Fire</FirstAppearance></Creature><Creature><Name>Dragon</Name><Type>Beast</Type><Dangerous>Yes</Dangerous><FirstAppearance>Goblet of Fire</FirstAppearance></Creature><Creature><Name>Merpeople</Name><Type>Being</Type><Dangerous>Varies</Dangerous><FirstAppearance>Goblet of Fire</FirstAppearance></Creature><Creature><Name>Giant</Name><Type>Being</Type><Dangerous>Yes</Dangerous><FirstAppearance>Philosopher's Stone</FirstAppearance></Creature><Creature><Name>Centaur</Name><Type>Being</Type><Dangerous>Varies</Dangerous><FirstAppearance>Philosopher's Stone</FirstAppearance></Creature><Creature><Name>Grindylow</Name><Type>Beast</Type><Dangerous>Yes</Dangerous><FirstAppearance>Goblet of Fire</FirstAppearance></Creature><Creature><Name>Kneazle</Name><Type>Beast</Type><Dangerous>No</Dangerous><FirstAppearance>Prisoner of Azkaban</FirstAppearance></Creature><Creature><Name>Erumpent</Name><Type>Beast</Type><Dangerous>Yes</Dangerous><FirstAppearance>Deathly Hallows</FirstAppearance></Creature><Creature><Name>Lethifold</Name><Type>Beast</Type><Dangerous>Yes</Dangerous><FirstAppearance>Fantastic Beasts (book)</FirstAppearance></Creature><Creature><Name>Kelpie</Name><Type>Beast</Type><Dangerous>Yes</Dangerous><FirstAppearance>Fantastic Beasts (book)</FirstAppearance></Creature><Creature><Name>Occamy</Name><Type>Beast</Type><Dangerous>Yes</Dangerous><FirstAppearance>Fantastic Beasts (book)</FirstAppearance></Creature></Creatures>