Title,ReleaseYear,Director,BoxOfficeUSD_Billions
Philosopher's Stone,2001,Chris Columbus,0.975
Chamber of Secrets,2002,Chris Columbus,0.879
Prisoner of Azkaban,2004,Alfonso Cuarón,0.806
Goblet of Fire,2005,Mike Newell,0.897
Order of the Phoenix,2007,David Yates,0.942
Half‑Blood Prince,2009,David Yates,0.934
Deathly Hallows – Part 1,2010,David Yates,0.977
Deathly Hallows – Part 2,2011,David Yates,1.342
Fantastic Beasts and Where to Find Them,2016,David Yates,0.814
Fantastic Beasts: The Crimes of Grindelwald,2018,David Yates,0.655
Fantastic Beasts: The Secrets of Dumbledore,2022,David Yates,0.405
A Very Potter Musical (fan),2009,Matt Lang,
The Cursed Child (stage filmed),2016,Stage Production,
Hogwarts Express Featurette,2001,Various,
Quidditch World Cup Special,2005,Various,
The Magic Begins (doc),2001,Various,
Behind the Spells (doc),2004,Various,
Wizarding World Live Special,2016,Various,
Hogwarts Houses Special,2018,Various,
Creatures of the Wizarding World,2016,Various,
