Spell,Type,Effect,FirstUsedBy
Expelliarmus,Charm,Disarms,Harry Potter
Expecto Patronum,Charm,Summons a Patronus,Harry Potter
Wingardium Leviosa,Charm,Levitation,Hermione Granger
Stupefy,Charm,Stuns,Various
Lumos,Charm,Light,Harry Potter
Nox,Charm,Extinguish light,Hermione Granger
Accio,Charm,Summons objects,Hermione Granger
Alohomora,Charm,Opens locks,Hermione Granger
Protego,Charm,Shield,Various
Sectumsempra,Curse,Lacerating damage,Severus Snape
Riddikulus,Charm,Turns fear into humour,Remus Lupin
Obliviate,Charm,Erases memories,Gilderoy Lockhart
Petrificus Totalus,Charm,Body‑bind,Hermione Granger
Crucio,Unforgivable Curse,Torture,Bellatrix Lestrange
Imperio,Unforgivable Curse,Mind control,Barty Crouch Jr.
Avada Kedavra,Unforgivable Curse,Instant death,Lord Voldemort
Reparo,Charm,Repairs objects,Hermione Granger
Reducto,Curse,Blasts apart,Ginny Weasley
Finite Incantatem,Counter‑spell,Ends spell effects,Severus Snape
Incendio,Charm,Creates fire,Seamus Finnigan
